IndicatorCode,Indicator,ValueType,ParentLocationCode,ParentLocation,Location type,SpatialDimValueCode,Location,Period type,Period,IsLatestYear,Dim1 type,Dim1,Dim1ValueCode,Dim2 type,Dim2,Dim2ValueCode,Dim3 type,Dim3,Dim3ValueCode,DataSourceDimValueCode,DataSource,FactValueNumericPrefix,FactValueNumeric,FactValueUoM,FactValueNumericLowPrefix,FactValueNumericLow,FactValueNumericHighPrefix,FactValueNumericHigh,Value,FactValueTranslationID,FactComments,Language,DateModified
WHS8_110,Measles-containing-vaccine first-dose (MCV1) immunization coverage among 1-year-olds (%),numeric,EUR,Europe,Country,ROU,Romania,Year,2023,true,,,,,,,,,,,,,78,,,,,,78,,,EN,2024-07-11T23:00:00.000Z
WHS8_110,Measles-containing-vaccine first-dose (MCV1) immunization coverage among 1-year-olds (%),numeric,EUR,Europe,Country,CZE,Czechia,Year,2023,true,,,,,,,,,,,,,87,,,,,,87,,,EN,2024-07-11T23:00:00.000Z
WHS8_110,Measles-containing-vaccine first-dose (MCV1) immunization coverage among 1-year-olds (%),numeric,EUR,Europe,Country,IRL,Ireland,Year,2023,true,,,,,,,,,,,,,89,,,,,,89,,,EN,2024-07-11T23:00:00.000Z
WHS8_110,Measles-containing-vaccine first-dose (MCV1) immunization coverage among 1-year-olds (%),numeric,EUR,Europe,Country,POL,Poland,Year,2023,true,,,,,,,,,,,,,91,,,,,,91,,,EN,2024-07-11T23:00:00.000Z
WHS8_110,Measles-containing-vaccine first-dose (MCV1) immunization coverage among 1-year-olds (%),numeric,EUR,Europe,Country,BGR,Bulgaria,Year,2023,true,,,,,,,,,,,,,92,,,,,,92,,,EN,2024-07-11T23:00:00.000Z
WHS8_110,Measles-containing-vaccine first-dose (MCV1) immunization coverage among 1-year-olds (%),numeric,EUR,Europe,Country,FIN,Finland,Year,2023,true,,,,,,,,,,,,,94,,,,,,94,,,EN,2024-07-11T23:00:00.000Z
WHS8_110,Measles-containing-vaccine first-dose (MCV1) immunization coverage among 1-year-olds (%),numeric,EUR,Europe,Country,AUT,Austria,Year,2023,true,,,,,,,,,,,,,95,,,,,,95,,,EN,2024-07-11T23:00:00.000Z
WHS8_110,Measles-containing-vaccine first-dose (MCV1) immunization coverage among 1-year-olds (%),numeric,EUR,Europe,Country,ITA,Italy,Year,2023,true,,,,,,,,,,,,,95,,,,,,95,,,EN,2024-07-11T23:00:00.000Z
WHS8_110,Measles-containing-vaccine first-dose (MCV1) immunization coverage among 1-year-olds (%),numeric,EUR,Europe,Country,ESP,Spain,Year,2023,true,,,,,,,,,,,,,96,,,,,,96,,,EN,2024-07-11T23:00:00.000Z
WHS8_110,Measles-containing-vaccine first-dose (MCV1) immunization coverage among 1-year-olds (%),numeric,EUR,Europe,Country,DEU,Germany,Year,2023,true,,,,,,,,,,,,,97,,,,,,97,,,EN,2024-07-11T23:00:00.000Z
WHS8_110,Measles-containing-vaccine first-dose (MCV1) immunization coverage among 1-year-olds (%),numeric,EUR,Europe,Country,ROU,Romania,Year,2022,false,,,,,,,,,,,,,83,,,,,,83,,,EN,2024-07-11T23:00:00.000Z
WHS8_110,Measles-containing-vaccine first-dose (MCV1) immunization coverage among 1-year-olds (%),numeric,EUR,Europe,Country,IRL,Ireland,Year,2022,false,,,,,,,,,,,,,90,,,,,,90,,,EN,2024-07-11T23:00:00.000Z
WHS8_110,Measles-containing-vaccine first-dose (MCV1) immunization coverage among 1-year-olds (%),numeric,EUR,Europe,Country,BGR,Bulgaria,Year,2022,false,,,,,,,,,,,,,91,,,,,,91,,,EN,2024-07-11T23:00:00.000Z
WHS8_110,Measles-containing-vaccine first-dose (MCV1) immunization coverage among 1-year-olds (%),numeric,EUR,Europe,Country,POL,Poland,Year,2022,false,,,,,,,,,,,,,91,,,,,,91,,,EN,2024-07-11T23:00:00.000Z
WHS8_110,Measles-containing-vaccine first-dose (MCV1) immunization coverage among 1-year-olds (%),numeric,EUR,Europe,Country,FIN,Finland,Year,2022,false,,,,,,,,,,,,,94,,,,,,94,,,EN,2024-07-11T23:00:00.000Z
WHS8_110,Measles-containing-vaccine first-dose (MCV1) immunization coverage among 1-year-olds (%),numeric,EUR,Europe,Country,ITA,Italy,Year,2022,false,,,,,,,,,,,,,94,,,,,,94,,,EN,2024-07-11T23:00:00.000Z
WHS8_110,Measles-containing-vaccine first-dose (MCV1) immunization coverage among 1-year-olds (%),numeric,EUR,Europe,Country,AUT,Austria,Year,2022,false,,,,,,,,,,,,,95,,,,,,95,,,EN,2024-07-11T23:00:00.000Z
WHS8_110,Measles-containing-vaccine first-dose (MCV1) immunization coverage among 1-year-olds (%),numeric,EUR,Europe,Country,ESP,Spain,Year,2022,false,,,,,,,,,,,,,96,,,,,,96,,,EN,2024-07-11T23:00:00.000Z
WHS8_110,Measles-containing-vaccine first-dose (MCV1) immunization coverage among 1-year-olds (%),numeric,EUR,Europe,Country,CZE,Czechia,Year,2022,false,,,,,,,,,,,,,97,,,,,,97,,,EN,2024-07-11T23:00:00.000Z
WHS8_110,Measles-containing-vaccine first-dose (MCV1) immunization coverage among 1-year-olds (%),numeric,EUR,Europe,Country,DEU,Germany,Year,2022,false,,,,,,,,,,,,,97,,,,,,97,,,EN,2024-07-11T23:00:00.000Z
WHS8_110,Measles-containing-vaccine first-dose (MCV1) immunization coverage among 1-year-olds (%),numeric,EUR,Europe,Country,ROU,Romania,Year,2021,false,,,,,,,,,,,,,86,,,,,,86,,,EN,2024-07-11T23:00:00.000Z
WHS8_110,Measles-containing-vaccine first-dose (MCV1) immunization coverage among 1-year-olds (%),numeric,EUR,Europe,Country,BGR,Bulgaria,Year,2021,false,,,,,,,,,,,,,89,,,,,,89,,,EN,2024-07-11T23:00:00.000Z
WHS8_110,Measles-containing-vaccine first-dose (MCV1) immunization coverage among 1-year-olds (%),numeric,EUR,Europe,Country,IRL,Ireland,Year,2021,false,,,,,,,,,,,,,90,,,,,,90,,,EN,2024-07-11T23:00:00.000Z
WHS8_110,Measles-containing-vaccine first-dose (MCV1) immunization coverage among 1-year-olds (%),numeric,EUR,Europe,Country,POL,Poland,Year,2021,false,,,,,,,,,,,,,91,,,,,,91,,,EN,2024-07-11T23:00:00.000Z
WHS8_110,Measles-containing-vaccine first-dose (MCV1) immunization coverage among 1-year-olds (%),numeric,EUR,Europe,Country,FIN,Finland,Year,2021,false,,,,,,,,,,,,,93,,,,,,93,,,EN,2024-07-11T23:00:00.000Z
WHS8_110,Measles-containing-vaccine first-dose (MCV1) immunization coverage among 1-year-olds (%),numeric,EUR,Europe,Country,ITA,Italy,Year,2021,false,,,,,,,,,,,,,94,,,,,,94,,,EN,2024-07-11T23:00:00.000Z
WHS8_110,Measles-containing-vaccine first-dose (MCV1) immunization coverage among 1-year-olds (%),numeric,EUR,Europe,Country,ESP,Spain,Year,2021,false,,,,,,,,,,,,,95,,,,,,95,,,EN,2024-07-11T23:00:00.000Z
WHS8_110,Measles-containing-vaccine first-dose (MCV1) immunization coverage among 1-year-olds (%),numeric,EUR,Europe,Country,CZE,Czechia,Year,2021,false,,,,,,,,,,,,,97,,,,,,97,,,EN,2024-07-11T23:00:00.000Z
WHS8_110,Measles-containing-vaccine first-dose (MCV1) immunization coverage among 1-year-olds (%),numeric,EUR,Europe,Country,DEU,Germany,Year,2021,false,,,,,,,,,,,,,97,,,,,,97,,,EN,2024-07-11T23:00:00.000Z
WHS8_110,Measles-containing-vaccine first-dose (MCV1) immunization coverage among 1-year-olds (%),numeric,EUR,Europe,Country,AUT,Austria,Year,2021,false,,,,,,,,,,,,,99,,,,,,99,,,EN,2024-07-11T23:00:00.000Z
WHS8_110,Measles-containing-vaccine first-dose (MCV1) immunization coverage among 1-year-olds (%),numeric,EUR,Europe,Country,ROU,Romania,Year,2020,false,,,,,,,,,,,,,87,,,,,,87,,,EN,2024-07-11T23:00:00.000Z
WHS8_110,Measles-containing-vaccine first-dose (MCV1) immunization coverage among 1-year-olds (%),numeric,EUR,Europe,Country,BGR,Bulgaria,Year,2020,false,,,,,,,,,,,,,88,,,,,,88,,,EN,2024-07-11T23:00:00.000Z
WHS8_110,Measles-containing-vaccine first-dose (MCV1) immunization coverage among 1-year-olds (%),numeric,EUR,Europe,Country,IRL,Ireland,Year,2020,false,,,,,,,,,,,,,92,,,,,,92,,,EN,2024-07-11T23:00:00.000Z
WHS8_110,Measles-containing-vaccine first-dose (MCV1) immunization coverage among 1-year-olds (%),numeric,EUR,Europe,Country,ITA,Italy,Year,2020,false,,,,,,,,,,,,,92,,,,,,92,,,EN,2024-07-11T23:00:00.000Z
WHS8_110,Measles-containing-vaccine first-dose (MCV1) immunization coverage among 1-year-olds (%),numeric,EUR,Europe,Country,POL,Poland,Year,2020,false,,,,,,,,,,,,,92,,,,,,92,,,EN,2024-07-11T23:00:00.000Z
WHS8_110,Measles-containing-vaccine first-dose (MCV1) immunization coverage among 1-year-olds (%),numeric,EUR,Europe,Country,CZE,Czechia,Year,2020,false,,,,,,,,,,,,,94,,,,,,94,,,EN,2024-07-11T23:00:00.000Z
WHS8_110,Measles-containing-vaccine first-dose (MCV1) immunization coverage among 1-year-olds (%),numeric,EUR,Europe,Country,AUT,Austria,Year,2020,false,,,,,,,,,,,,,95,,,,,,95,,,EN,2024-07-11T23:00:00.000Z
WHS8_110,Measles-containing-vaccine first-dose (MCV1) immunization coverage among 1-year-olds (%),numeric,EUR,Europe,Country,FIN,Finland,Year,2020,false,,,,,,,,,,,,,95,,,,,,95,,,EN,2024-07-11T23:00:00.000Z
WHS8_110,Measles-containing-vaccine first-dose (MCV1) immunization coverage among 1-year-olds (%),numeric,EUR,Europe,Country,ESP,Spain,Year,2020,false,,,,,,,,,,,,,96,,,,,,96,,,EN,2024-07-11T23:00:00.000Z
WHS8_110,Measles-containing-vaccine first-dose (MCV1) immunization coverage among 1-year-olds (%),numeric,EUR,Europe,Country,DEU,Germany,Year,2020,false,,,,,,,,,,,,,97,,,,,,97,,,EN,2024-07-11T23:00:00.000Z
WHS8_110,Measles-containing-vaccine first-dose (MCV1) immunization coverage among 1-year-olds (%),numeric,EUR,Europe,Country,ROU,Romania,Year,2019,false,,,,,,,,,,,,,90,,,,,,90,,,EN,2024-07-11T23:00:00.000Z
WHS8_110,Measles-containing-vaccine first-dose (MCV1) immunization coverage among 1-year-olds (%),numeric,EUR,Europe,Country,IRL,Ireland,Year,2019,false,,,,,,,,,,,,,91,,,,,,91,,,EN,2024-07-11T23:00:00.000Z
WHS8_110,Measles-containing-vaccine first-dose (MCV1) immunization coverage among 1-year-olds (%),numeric,EUR,Europe,Country,CZE,Czechia,Year,2019,false,,,,,,,,,,,,,92,,,,,,92,,,EN,2024-07-11T23:00:00.000Z
WHS8_110,Measles-containing-vaccine first-dose (MCV1) immunization coverage among 1-year-olds (%),numeric,EUR,Europe,Country,POL,Poland,Year,2019,false,,,,,,,,,,,,,93,,,,,,93,,,EN,2024-07-11T23:00:00.000Z
WHS8_110,Measles-containing-vaccine first-dose (MCV1) immunization coverage among 1-year-olds (%),numeric,EUR,Europe,Country,ITA,Italy,Year,2019,false,,,,,,,,,,,,,94,,,,,,94,,,EN,2024-07-11T23:00:00.000Z
WHS8_110,Measles-containing-vaccine first-dose (MCV1) immunization coverage among 1-year-olds (%),numeric,EUR,Europe,Country,AUT,Austria,Year,2019,false,,,,,,,,,,,,,95,,,,,,95,,,EN,2024-07-11T23:00:00.000Z
WHS8_110,Measles-containing-vaccine first-dose (MCV1) immunization coverage among 1-year-olds (%),numeric,EUR,Europe,Country,BGR,Bulgaria,Year,2019,false,,,,,,,,,,,,,95,,,,,,95,,,EN,2024-07-11T23:00:00.000Z
WHS8_110,Measles-containing-vaccine first-dose (MCV1) immunization coverage among 1-year-olds (%),numeric,EUR,Europe,Country,FIN,Finland,Year,2019,false,,,,,,,,,,,,,96,,,,,,96,,,EN,2024-07-11T23:00:00.000Z
WHS8_110,Measles-containing-vaccine first-dose (MCV1) immunization coverage among 1-year-olds (%),numeric,EUR,Europe,Country,DEU,Germany,Year,2019,false,,,,,,,,,,,,,97,,,,,,97,,,EN,2024-07-11T23:00:00.000Z
WHS8_110,Measles-containing-vaccine first-dose (MCV1) immunization coverage among 1-year-olds (%),numeric,EUR,Europe,Country,ESP,Spain,Year,2019,false,,,,,,,,,,,,,98,,,,,,98,,,EN,2024-07-11T23:00:00.000Z
WHS8_110,Measles-containing-vaccine first-dose (MCV1) immunization coverage among 1-year-olds (%),numeric,EUR,Europe,Country,ROU,Romania,Year,2018,false,,,,,,,,,,,,,90,,,,,,90,,,EN,2024-07-11T23:00:00.000Z
WHS8_110,Measles-containing-vaccine first-dose (MCV1) immunization coverage among 1-year-olds (%),numeric,EUR,Europe,Country,IRL,Ireland,Year,2018,false,,,,,,,,,,,,,92,,,,,,92,,,EN,2024-07-11T23:00:00.000Z
WHS8_110,Measles-containing-vaccine first-dose (MCV1) immunization coverage among 1-year-olds (%),numeric,EUR,Europe,Country,BGR,Bulgaria,Year,2018,false,,,,,,,,,,,,,93,,,,,,93,,,EN,2024-07-11T23:00:00.000Z
WHS8_110,Measles-containing-vaccine first-dose (MCV1) immunization coverage among 1-year-olds (%),numeric,EUR,Europe,Country,ITA,Italy,Year,2018,false,,,,,,,,,,,,,93,,,,,,93,,,EN,2024-07-11T23:00:00.000Z
WHS8_110,Measles-containing-vaccine first-dose (MCV1) immunization coverage among 1-year-olds (%),numeric,EUR,Europe,Country,POL,Poland,Year,2018,false,,,,,,,,,,,,,93,,,,,,93,,,EN,2024-07-11T23:00:00.000Z
WHS8_110,Measles-containing-vaccine first-dose (MCV1) immunization coverage among 1-year-olds (%),numeric,EUR,Europe,Country,AUT,Austria,Year,2018,false,,,,,,,,,,,,,94,,,,,,94,,,EN,2024-07-11T23:00:00.000Z
WHS8_110,Measles-containing-vaccine first-dose (MCV1) immunization coverage among 1-year-olds (%),numeric,EUR,Europe,Country,CZE,Czechia,Year,2018,false,,,,,,,,,,,,,96,,,,,,96,,,EN,2024-07-11T23:00:00.000Z
WHS8_110,Measles-containing-vaccine first-dose (MCV1) immunization coverage among 1-year-olds (%),numeric,EUR,Europe,Country,FIN,Finland,Year,2018,false,,,,,,,,,,,,,96,,,,,,96,,,EN,2024-07-11T23:00:00.000Z
WHS8_110,Measles-containing-vaccine first-dose (MCV1) immunization coverage among 1-year-olds (%),numeric,EUR,Europe,Country,DEU,Germany,Year,2018,false,,,,,,,,,,,,,97,,,,,,97,,,EN,2024-07-11T23:00:00.000Z
WHS8_110,Measles-containing-vaccine first-dose (MCV1) immunization coverage among 1-year-olds (%),numeric,EUR,Europe,Country,ESP,Spain,Year,2018,false,,,,,,,,,,,,,98,,,,,,98,,,EN,2024-07-11T23:00:00.000Z
WHS8_110,Measles-containing-vaccine first-dose (MCV1) immunization coverage among 1-year-olds (%),numeric,EUR,Europe,Country,ROU,Romania,Year,2017,false,,,,,,,,,,,,,86,,,,,,86,,,EN,2024-07-11T23:00:00.000Z
WHS8_110,Measles-containing-vaccine first-dose (MCV1) immunization coverage among 1-year-olds (%),numeric,EUR,Europe,Country,IRL,Ireland,Year,2017,false,,,,,,,,,,,,,92,,,,,,92,,,EN,2024-07-11T23:00:00.000Z
WHS8_110,Measles-containing-vaccine first-dose (MCV1) immunization coverage among 1-year-olds (%),numeric,EUR,Europe,Country,ITA,Italy,Year,2017,false,,,,,,,,,,,,,92,,,,,,92,,,EN,2024-07-11T23:00:00.000Z
WHS8_110,Measles-containing-vaccine first-dose (MCV1) immunization coverage among 1-year-olds (%),numeric,EUR,Europe,Country,BGR,Bulgaria,Year,2017,false,,,,,,,,,,,,,94,,,,,,94,,,EN,2024-07-11T23:00:00.000Z
WHS8_110,Measles-containing-vaccine first-dose (MCV1) immunization coverage among 1-year-olds (%),numeric,EUR,Europe,Country,FIN,Finland,Year,2017,false,,,,,,,,,,,,,94,,,,,,94,,,EN,2024-07-11T23:00:00.000Z
WHS8_110,Measles-containing-vaccine first-dose (MCV1) immunization coverage among 1-year-olds (%),numeric,EUR,Europe,Country,POL,Poland,Year,2017,false,,,,,,,,,,,,,94,,,,,,94,,,EN,2024-07-11T23:00:00.000Z
WHS8_110,Measles-containing-vaccine first-dose (MCV1) immunization coverage among 1-year-olds (%),numeric,EUR,Europe,Country,AUT,Austria,Year,2017,false,,,,,,,,,,,,,96,,,,,,96,,,EN,2024-07-11T23:00:00.000Z
WHS8_110,Measles-containing-vaccine first-dose (MCV1) immunization coverage among 1-year-olds (%),numeric,EUR,Europe,Country,CZE,Czechia,Year,2017,false,,,,,,,,,,,,,97,,,,,,97,,,EN,2024-07-11T23:00:00.000Z
WHS8_110,Measles-containing-vaccine first-dose (MCV1) immunization coverage among 1-year-olds (%),numeric,EUR,Europe,Country,DEU,Germany,Year,2017,false,,,,,,,,,,,,,97,,,,,,97,,,EN,2024-07-11T23:00:00.000Z
WHS8_110,Measles-containing-vaccine first-dose (MCV1) immunization coverage among 1-year-olds (%),numeric,EUR,Europe,Country,ESP,Spain,Year,2017,false,,,,,,,,,,,,,98,,,,,,98,,,EN,2024-07-11T23:00:00.000Z
WHS8_110,Measles-containing-vaccine first-dose (MCV1) immunization coverage among 1-year-olds (%),numeric,EUR,Europe,Country,ROU,Romania,Year,2016,false,,,,,,,,,,,,,86,,,,,,86,,,EN,2024-07-11T23:00:00.000Z
WHS8_110,Measles-containing-vaccine first-dose (MCV1) immunization coverage among 1-year-olds (%),numeric,EUR,Europe,Country,ITA,Italy,Year,2016,false,,,,,,,,,,,,,87,,,,,,87,,,EN,2024-07-11T23:00:00.000Z
WHS8_110,Measles-containing-vaccine first-dose (MCV1) immunization coverage among 1-year-olds (%),numeric,EUR,Europe,Country,BGR,Bulgaria,Year,2016,false,,,,,,,,,,,,,92,,,,,,92,,,EN,2024-07-11T23:00:00.000Z
WHS8_110,Measles-containing-vaccine first-dose (MCV1) immunization coverage among 1-year-olds (%),numeric,EUR,Europe,Country,IRL,Ireland,Year,2016,false,,,,,,,,,,,,,92,,,,,,92,,,EN,2024-07-11T23:00:00.000Z
WHS8_110,Measles-containing-vaccine first-dose (MCV1) immunization coverage among 1-year-olds (%),numeric,EUR,Europe,Country,FIN,Finland,Year,2016,false,,,,,,,,,,,,,94,,,,,,94,,,EN,2024-07-11T23:00:00.000Z
WHS8_110,Measles-containing-vaccine first-dose (MCV1) immunization coverage among 1-year-olds (%),numeric,EUR,Europe,Country,AUT,Austria,Year,2016,false,,,,,,,,,,,,,95,,,,,,95,,,EN,2024-07-11T23:00:00.000Z
WHS8_110,Measles-containing-vaccine first-dose (MCV1) immunization coverage among 1-year-olds (%),numeric,EUR,Europe,Country,POL,Poland,Year,2016,false,,,,,,,,,,,,,96,,,,,,96,,,EN,2024-07-11T23:00:00.000Z
WHS8_110,Measles-containing-vaccine first-dose (MCV1) immunization coverage among 1-year-olds (%),numeric,EUR,Europe,Country,DEU,Germany,Year,2016,false,,,,,,,,,,,,,97,,,,,,97,,,EN,2024-07-11T23:00:00.000Z
WHS8_110,Measles-containing-vaccine first-dose (MCV1) immunization coverage among 1-year-olds (%),numeric,EUR,Europe,Country,ESP,Spain,Year,2016,false,,,,,,,,,,,,,97,,,,,,97,,,EN,2024-07-11T23:00:00.000Z
WHS8_110,Measles-containing-vaccine first-dose (MCV1) immunization coverage among 1-year-olds (%),numeric,EUR,Europe,Country,CZE,Czechia,Year,2016,false,,,,,,,,,,,,,98,,,,,,98,,,EN,2024-07-11T23:00:00.000Z
WHS8_110,Measles-containing-vaccine first-dose (MCV1) immunization coverage among 1-year-olds (%),numeric,EUR,Europe,Country,ITA,Italy,Year,2015,false,,,,,,,,,,,,,85,,,,,,85,,,EN,2024-07-11T23:00:00.000Z
WHS8_110,Measles-containing-vaccine first-dose (MCV1) immunization coverage among 1-year-olds (%),numeric,EUR,Europe,Country,ROU,Romania,Year,2015,false,,,,,,,,,,,,,86,,,,,,86,,,EN,2024-07-11T23:00:00.000Z
WHS8_110,Measles-containing-vaccine first-dose (MCV1) immunization coverage among 1-year-olds (%),numeric,EUR,Europe,Country,BGR,Bulgaria,Year,2015,false,,,,,,,,,,,,,92,,,,,,92,,,EN,2024-07-11T23:00:00.000Z
WHS8_110,Measles-containing-vaccine first-dose (MCV1) immunization coverage among 1-year-olds (%),numeric,EUR,Europe,Country,IRL,Ireland,Year,2015,false,,,,,,,,,,,,,93,,,,,,93,,,EN,2024-07-11T23:00:00.000Z
WHS8_110,Measles-containing-vaccine first-dose (MCV1) immunization coverage among 1-year-olds (%),numeric,EUR,Europe,Country,FIN,Finland,Year,2015,false,,,,,,,,,,,,,95,,,,,,95,,,EN,2024-07-11T23:00:00.000Z
WHS8_110,Measles-containing-vaccine first-dose (MCV1) immunization coverage among 1-year-olds (%),numeric,EUR,Europe,Country,AUT,Austria,Year,2015,false,,,,,,,,,,,,,96,,,,,,96,,,EN,2024-07-11T23:00:00.000Z
WHS8_110,Measles-containing-vaccine first-dose (MCV1) immunization coverage among 1-year-olds (%),numeric,EUR,Europe,Country,POL,Poland,Year,2015,false,,,,,,,,,,,,,96,,,,,,96,,,EN,2024-07-11T23:00:00.000Z
WHS8_110,Measles-containing-vaccine first-dose (MCV1) immunization coverage among 1-year-olds (%),numeric,EUR,Europe,Country,ESP,Spain,Year,2015,false,,,,,,,,,,,,,96,,,,,,96,,,EN,2024-07-11T23:00:00.000Z
WHS8_110,Measles-containing-vaccine first-dose (MCV1) immunization coverage among 1-year-olds (%),numeric,EUR,Europe,Country,DEU,Germany,Year,2015,false,,,,,,,,,,,,,97,,,,,,97,,,EN,2024-07-11T23:00:00.000Z
WHS8_110,Measles-containing-vaccine first-dose (MCV1) immunization coverage among 1-year-olds (%),numeric,EUR,Europe,Country,CZE,Czechia,Year,2015,false,,,,,,,,,,,,,99,,,,,,99,,,EN,2024-07-11T23:00:00.000Z
WHS8_110,Measles-containing-vaccine first-dose (MCV1) immunization coverage among 1-year-olds (%),numeric,EUR,Europe,Country,ITA,Italy,Year,2014,false,,,,,,,,,,,,,87,,,,,,87,,,EN,2024-07-11T23:00:00.000Z
WHS8_110,Measles-containing-vaccine first-dose (MCV1) immunization coverage among 1-year-olds (%),numeric,EUR,Europe,Country,ROU,Romania,Year,2014,false,,,,,,,,,,,,,89,,,,,,89,,,EN,2024-07-11T23:00:00.000Z
WHS8_110,Measles-containing-vaccine first-dose (MCV1) immunization coverage among 1-year-olds (%),numeric,EUR,Europe,Country,BGR,Bulgaria,Year,2014,false,,,,,,,,,,,,,93,,,,,,93,,,EN,2024-07-11T23:00:00.000Z
WHS8_110,Measles-containing-vaccine first-dose (MCV1) immunization coverage among 1-year-olds (%),numeric,EUR,Europe,Country,IRL,Ireland,Year,2014,false,,,,,,,,,,,,,93,,,,,,93,,,EN,2024-07-11T23:00:00.000Z
WHS8_110,Measles-containing-vaccine first-dose (MCV1) immunization coverage among 1-year-olds (%),numeric,EUR,Europe,Country,AUT,Austria,Year,2014,false,,,,,,,,,,,,,96,,,,,,96,,,EN,2024-07-11T23:00:00.000Z
WHS8_110,Measles-containing-vaccine first-dose (MCV1) immunization coverage among 1-year-olds (%),numeric,EUR,Europe,Country,FIN,Finland,Year,2014,false,,,,,,,,,,,,,96,,,,,,96,,,EN,2024-07-11T23:00:00.000Z
WHS8_110,Measles-containing-vaccine first-dose (MCV1) immunization coverage among 1-year-olds (%),numeric,EUR,Europe,Country,ESP,Spain,Year,2014,false,,,,,,,,,,,,,96,,,,,,96,,,EN,2024-07-11T23:00:00.000Z
WHS8_110,Measles-containing-vaccine first-dose (MCV1) immunization coverage among 1-year-olds (%),numeric,EUR,Europe,Country,DEU,Germany,Year,2014,false,,,,,,,,,,,,,97,,,,,,97,,,EN,2024-07-11T23:00:00.000Z
WHS8_110,Measles-containing-vaccine first-dose (MCV1) immunization coverage among 1-year-olds (%),numeric,EUR,Europe,Country,POL,Poland,Year,2014,false,,,,,,,,,,,,,97,,,,,,97,,,EN,2024-07-11T23:00:00.000Z
WHS8_110,Measles-containing-vaccine first-dose (MCV1) immunization coverage among 1-year-olds (%),numeric,EUR,Europe,Country,CZE,Czechia,Year,2014,false,,,,,,,,,,,,,99,,,,,,99,,,EN,2024-07-11T23:00:00.000Z
WHS8_110,Measles-containing-vaccine first-dose (MCV1) immunization coverage among 1-year-olds (%),numeric,EUR,Europe,Country,ITA,Italy,Year,2013,false,,,,,,,,,,,,,90,,,,,,90,,,EN,2024-07-11T23:00:00.000Z
WHS8_110,Measles-containing-vaccine first-dose (MCV1) immunization coverage among 1-year-olds (%),numeric,EUR,Europe,Country,AUT,Austria,Year,2013,false,,,,,,,,,,,,,92,,,,,,92,,,EN,2024-07-11T23:00:00.000Z
WHS8_110,Measles-containing-vaccine first-dose (MCV1) immunization coverage among 1-year-olds (%),numeric,EUR,Europe,Country,ROU,Romania,Year,2013,false,,,,,,,,,,,,,92,,,,,,92,,,EN,2024-07-11T23:00:00.000Z
WHS8_110,Measles-containing-vaccine first-dose (MCV1) immunization coverage among 1-year-olds (%),numeric,EUR,Europe,Country,IRL,Ireland,Year,2013,false,,,,,,,,,,,,,93,,,,,,93,,,EN,2024-07-11T23:00:00.000Z
WHS8_110,Measles-containing-vaccine first-dose (MCV1) immunization coverage among 1-year-olds (%),numeric,EUR,Europe,Country,BGR,Bulgaria,Year,2013,false,,,,,,,,,,,,,95,,,,,,95,,,EN,2024-07-11T23:00:00.000Z
WHS8_110,Measles-containing-vaccine first-dose (MCV1) immunization coverage among 1-year-olds (%),numeric,EUR,Europe,Country,ESP,Spain,Year,2013,false,,,,,,,,,,,,,95,,,,,,95,,,EN,2024-07-11T23:00:00.000Z
WHS8_110,Measles-containing-vaccine first-dose (MCV1) immunization coverage among 1-year-olds (%),numeric,EUR,Europe,Country,FIN,Finland,Year,2013,false,,,,,,,,,,,,,97,,,,,,97,,,EN,2024-07-11T23:00:00.000Z
WHS8_110,Measles-containing-vaccine first-dose (MCV1) immunization coverage among 1-year-olds (%),numeric,EUR,Europe,Country,DEU,Germany,Year,2013,false,,,,,,,,,,,,,97,,,,,,97,,,EN,2024-07-11T23:00:00.000Z
WHS8_110,Measles-containing-vaccine first-dose (MCV1) immunization coverage among 1-year-olds (%),numeric,EUR,Europe,Country,POL,Poland,Year,2013,false,,,,,,,,,,,,,98,,,,,,98,,,EN,2024-07-11T23:00:00.000Z
WHS8_110,Measles-containing-vaccine first-dose (MCV1) immunization coverage among 1-year-olds (%),numeric,EUR,Europe,Country,CZE,Czechia,Year,2013,false,,,,,,,,,,,,,99,,,,,,99,,,EN,2024-07-11T23:00:00.000Z
WHS8_110,Measles-containing-vaccine first-dose (MCV1) immunization coverage among 1-year-olds (%),numeric,EUR,Europe,Country,AUT,Austria,Year,2012,false,,,,,,,,,,,,,88,,,,,,88,,,EN,2024-07-11T23:00:00.000Z
WHS8_110,Measles-containing-vaccine first-dose (MCV1) immunization coverage among 1-year-olds (%),numeric,EUR,Europe,Country,ITA,Italy,Year,2012,false,,,,,,,,,,,,,90,,,,,,90,,,EN,2024-07-11T23:00:00.000Z
WHS8_110,Measles-containing-vaccine first-dose (MCV1) immunization coverage among 1-year-olds (%),numeric,EUR,Europe,Country,IRL,Ireland,Year,2012,false,,,,,,,,,,,,,92,,,,,,92,,,EN,2024-07-11T23:00:00.000Z
WHS8_110,Measles-containing-vaccine first-dose (MCV1) immunization coverage among 1-year-olds (%),numeric,EUR,Europe,Country,BGR,Bulgaria,Year,2012,false,,,,,,,,,,,,,94,,,,,,94,,,EN,2024-07-11T23:00:00.000Z
WHS8_110,Measles-containing-vaccine first-dose (MCV1) immunization coverage among 1-year-olds (%),numeric,EUR,Europe,Country,ROU,Romania,Year,2012,false,,,,,,,,,,,,,94,,,,,,94,,,EN,2024-07-11T23:00:00.000Z
WHS8_110,Measles-containing-vaccine first-dose (MCV1) immunization coverage among 1-year-olds (%),numeric,EUR,Europe,Country,FIN,Finland,Year,2012,false,,,,,,,,,,,,,97,,,,,,97,,,EN,2024-07-11T23:00:00.000Z
WHS8_110,Measles-containing-vaccine first-dose (MCV1) immunization coverage among 1-year-olds (%),numeric,EUR,Europe,Country,DEU,Germany,Year,2012,false,,,,,,,,,,,,,97,,,,,,97,,,EN,2024-07-11T23:00:00.000Z
WHS8_110,Measles-containing-vaccine first-dose (MCV1) immunization coverage among 1-year-olds (%),numeric,EUR,Europe,Country,ESP,Spain,Year,2012,false,,,,,,,,,,,,,97,,,,,,97,,,EN,2024-07-11T23:00:00.000Z
WHS8_110,Measles-containing-vaccine first-dose (MCV1) immunization coverage among 1-year-olds (%),numeric,EUR,Europe,Country,CZE,Czechia,Year,2012,false,,,,,,,,,,,,,98,,,,,,98,,,EN,2024-07-11T23:00:00.000Z
WHS8_110,Measles-containing-vaccine first-dose (MCV1) immunization coverage among 1-year-olds (%),numeric,EUR,Europe,Country,POL,Poland,Year,2012,false,,,,,,,,,,,,,98,,,,,,98,,,EN,2024-07-11T23:00:00.000Z
WHS8_110,Measles-containing-vaccine first-dose (MCV1) immunization coverage among 1-year-olds (%),numeric,EUR,Europe,Country,AUT,Austria,Year,2011,false,,,,,,,,,,,,,84,,,,,,84,,,EN,2024-07-11T23:00:00.000Z
WHS8_110,Measles-containing-vaccine first-dose (MCV1) immunization coverage among 1-year-olds (%),numeric,EUR,Europe,Country,ITA,Italy,Year,2011,false,,,,,,,,,,,,,90,,,,,,90,,,EN,2024-07-11T23:00:00.000Z
WHS8_110,Measles-containing-vaccine first-dose (MCV1) immunization coverage among 1-year-olds (%),numeric,EUR,Europe,Country,IRL,Ireland,Year,2011,false,,,,,,,,,,,,,92,,,,,,92,,,EN,2024-07-11T23:00:00.000Z
WHS8_110,Measles-containing-vaccine first-dose (MCV1) immunization coverage among 1-year-olds (%),numeric,EUR,Europe,Country,ROU,Romania,Year,2011,false,,,,,,,,,,,,,93,,,,,,93,,,EN,2024-07-11T23:00:00.000Z
WHS8_110,Measles-containing-vaccine first-dose (MCV1) immunization coverage among 1-year-olds (%),numeric,EUR,Europe,Country,BGR,Bulgaria,Year,2011,false,,,,,,,,,,,,,95,,,,,,95,,,EN,2024-07-11T23:00:00.000Z
WHS8_110,Measles-containing-vaccine first-dose (MCV1) immunization coverage among 1-year-olds (%),numeric,EUR,Europe,Country,FIN,Finland,Year,2011,false,,,,,,,,,,,,,97,,,,,,97,,,EN,2024-07-11T23:00:00.000Z
WHS8_110,Measles-containing-vaccine first-dose (MCV1) immunization coverage among 1-year-olds (%),numeric,EUR,Europe,Country,DEU,Germany,Year,2011,false,,,,,,,,,,,,,97,,,,,,97,,,EN,2024-07-11T23:00:00.000Z
WHS8_110,Measles-containing-vaccine first-dose (MCV1) immunization coverage among 1-year-olds (%),numeric,EUR,Europe,Country,ESP,Spain,Year,2011,false,,,,,,,,,,,,,97,,,,,,97,,,EN,2024-07-11T23:00:00.000Z
WHS8_110,Measles-containing-vaccine first-dose (MCV1) immunization coverage among 1-year-olds (%),numeric,EUR,Europe,Country,CZE,Czechia,Year,2011,false,,,,,,,,,,,,,98,,,,,,98,,,EN,2024-07-11T23:00:00.000Z
WHS8_110,Measles-containing-vaccine first-dose (MCV1) immunization coverage among 1-year-olds (%),numeric,EUR,Europe,Country,POL,Poland,Year,2011,false,,,,,,,,,,,,,98,,,,,,98,,,EN,2024-07-11T23:00:00.000Z
WHS8_110,Measles-containing-vaccine first-dose (MCV1) immunization coverage among 1-year-olds (%),numeric,EUR,Europe,Country,AUT,Austria,Year,2010,false,,,,,,,,,,,,,80,,,,,,80,,,EN,2024-07-11T23:00:00.000Z
WHS8_110,Measles-containing-vaccine first-dose (MCV1) immunization coverage among 1-year-olds (%),numeric,EUR,Europe,Country,IRL,Ireland,Year,2010,false,,,,,,,,,,,,,90,,,,,,90,,,EN,2024-07-11T23:00:00.000Z
WHS8_110,Measles-containing-vaccine first-dose (MCV1) immunization coverage among 1-year-olds (%),numeric,EUR,Europe,Country,ITA,Italy,Year,2010,false,,,,,,,,,,,,,91,,,,,,91,,,EN,2024-07-11T23:00:00.000Z
WHS8_110,Measles-containing-vaccine first-dose (MCV1) immunization coverage among 1-year-olds (%),numeric,EUR,Europe,Country,ROU,Romania,Year,2010,false,,,,,,,,,,,,,95,,,,,,95,,,EN,2024-07-11T23:00:00.000Z
WHS8_110,Measles-containing-vaccine first-dose (MCV1) immunization coverage among 1-year-olds (%),numeric,EUR,Europe,Country,ESP,Spain,Year,2010,false,,,,,,,,,,,,,95,,,,,,95,,,EN,2024-07-11T23:00:00.000Z
WHS8_110,Measles-containing-vaccine first-dose (MCV1) immunization coverage among 1-year-olds (%),numeric,EUR,Europe,Country,BGR,Bulgaria,Year,2010,false,,,,,,,,,,,,,97,,,,,,97,,,EN,2024-07-11T23:00:00.000Z
WHS8_110,Measles-containing-vaccine first-dose (MCV1) immunization coverage among 1-year-olds (%),numeric,EUR,Europe,Country,DEU,Germany,Year,2010,false,,,,,,,,,,,,,97,,,,,,97,,,EN,2024-07-11T23:00:00.000Z
WHS8_110,Measles-containing-vaccine first-dose (MCV1) immunization coverage among 1-year-olds (%),numeric,EUR,Europe,Country,CZE,Czechia,Year,2010,false,,,,,,,,,,,,,98,,,,,,98,,,EN,2024-07-11T23:00:00.000Z
WHS8_110,Measles-containing-vaccine first-dose (MCV1) immunization coverage among 1-year-olds (%),numeric,EUR,Europe,Country,FIN,Finland,Year,2010,false,,,,,,,,,,,,,98,,,,,,98,,,EN,2024-07-11T23:00:00.000Z
WHS8_110,Measles-containing-vaccine first-dose (MCV1) immunization coverage among 1-year-olds (%),numeric,EUR,Europe,Country,POL,Poland,Year,2010,false,,,,,,,,,,,,,98,,,,,,98,,,EN,2024-07-11T23:00:00.000Z
WHS8_110,Measles-containing-vaccine first-dose (MCV1) immunization coverage among 1-year-olds (%),numeric,EUR,Europe,Country,AUT,Austria,Year,2009,false,,,,,,,,,,,,,76,,,,,,76,,,EN,2024-07-11T23:00:00.000Z
WHS8_110,Measles-containing-vaccine first-dose (MCV1) immunization coverage among 1-year-olds (%),numeric,EUR,Europe,Country,IRL,Ireland,Year,2009,false,,,,,,,,,,,,,90,,,,,,90,,,EN,2024-07-11T23:00:00.000Z
WHS8_110,Measles-containing-vaccine first-dose (MCV1) immunization coverage among 1-year-olds (%),numeric,EUR,Europe,Country,ITA,Italy,Year,2009,false,,,,,,,,,,,,,90,,,,,,90,,,EN,2024-07-11T23:00:00.000Z
WHS8_110,Measles-containing-vaccine first-dose (MCV1) immunization coverage among 1-year-olds (%),numeric,EUR,Europe,Country,BGR,Bulgaria,Year,2009,false,,,,,,,,,,,,,96,,,,,,96,,,EN,2024-07-11T23:00:00.000Z
WHS8_110,Measles-containing-vaccine first-dose (MCV1) immunization coverage among 1-year-olds (%),numeric,EUR,Europe,Country,ROU,Romania,Year,2009,false,,,,,,,,,,,,,96,,,,,,96,,,EN,2024-07-11T23:00:00.000Z
WHS8_110,Measles-containing-vaccine first-dose (MCV1) immunization coverage among 1-year-olds (%),numeric,EUR,Europe,Country,DEU,Germany,Year,2009,false,,,,,,,,,,,,,97,,,,,,97,,,EN,2024-07-11T23:00:00.000Z
WHS8_110,Measles-containing-vaccine first-dose (MCV1) immunization coverage among 1-year-olds (%),numeric,EUR,Europe,Country,CZE,Czechia,Year,2009,false,,,,,,,,,,,,,98,,,,,,98,,,EN,2024-07-11T23:00:00.000Z
WHS8_110,Measles-containing-vaccine first-dose (MCV1) immunization coverage among 1-year-olds (%),numeric,EUR,Europe,Country,FIN,Finland,Year,2009,false,,,,,,,,,,,,,98,,,,,,98,,,EN,2024-07-11T23:00:00.000Z
WHS8_110,Measles-containing-vaccine first-dose (MCV1) immunization coverage among 1-year-olds (%),numeric,EUR,Europe,Country,POL,Poland,Year,2009,false,,,,,,,,,,,,,98,,,,,,98,,,EN,2024-07-11T23:00:00.000Z
WHS8_110,Measles-containing-vaccine first-dose (MCV1) immunization coverage among 1-year-olds (%),numeric,EUR,Europe,Country,ESP,Spain,Year,2009,false,,,,,,,,,,,,,98,,,,,,98,,,EN,2024-07-11T23:00:00.000Z
WHS8_110,Measles-containing-vaccine first-dose (MCV1) immunization coverage among 1-year-olds (%),numeric,EUR,Europe,Country,AUT,Austria,Year,2008,false,,,,,,,,,,,,,83,,,,,,83,,,EN,2024-07-11T23:00:00.000Z
WHS8_110,Measles-containing-vaccine first-dose (MCV1) immunization coverage among 1-year-olds (%),numeric,EUR,Europe,Country,IRL,Ireland,Year,2008,false,,,,,,,,,,,,,89,,,,,,89,,,EN,2024-07-11T23:00:00.000Z
WHS8_110,Measles-containing-vaccine first-dose (MCV1) immunization coverage among 1-year-olds (%),numeric,EUR,Europe,Country,ITA,Italy,Year,2008,false,,,,,,,,,,,,,90,,,,,,90,,,EN,2024-07-11T23:00:00.000Z
WHS8_110,Measles-containing-vaccine first-dose (MCV1) immunization coverage among 1-year-olds (%),numeric,EUR,Europe,Country,BGR,Bulgaria,Year,2008,false,,,,,,,,,,,,,96,,,,,,96,,,EN,2024-07-11T23:00:00.000Z
WHS8_110,Measles-containing-vaccine first-dose (MCV1) immunization coverage among 1-year-olds (%),numeric,EUR,Europe,Country,ROU,Romania,Year,2008,false,,,,,,,,,,,,,96,,,,,,96,,,EN,2024-07-11T23:00:00.000Z
WHS8_110,Measles-containing-vaccine first-dose (MCV1) immunization coverage among 1-year-olds (%),numeric,EUR,Europe,Country,CZE,Czechia,Year,2008,false,,,,,,,,,,,,,97,,,,,,97,,,EN,2024-07-11T23:00:00.000Z
WHS8_110,Measles-containing-vaccine first-dose (MCV1) immunization coverage among 1-year-olds (%),numeric,EUR,Europe,Country,FIN,Finland,Year,2008,false,,,,,,,,,,,,,97,,,,,,97,,,EN,2024-07-11T23:00:00.000Z
WHS8_110,Measles-containing-vaccine first-dose (MCV1) immunization coverage among 1-year-olds (%),numeric,EUR,Europe,Country,DEU,Germany,Year,2008,false,,,,,,,,,,,,,97,,,,,,97,,,EN,2024-07-11T23:00:00.000Z
WHS8_110,Measles-containing-vaccine first-dose (MCV1) immunization coverage among 1-year-olds (%),numeric,EUR,Europe,Country,POL,Poland,Year,2008,false,,,,,,,,,,,,,98,,,,,,98,,,EN,2024-07-11T23:00:00.000Z
WHS8_110,Measles-containing-vaccine first-dose (MCV1) immunization coverage among 1-year-olds (%),numeric,EUR,Europe,Country,ESP,Spain,Year,2008,false,,,,,,,,,,,,,98,,,,,,98,,,EN,2024-07-11T23:00:00.000Z
WHS8_110,Measles-containing-vaccine first-dose (MCV1) immunization coverage among 1-year-olds (%),numeric,EUR,Europe,Country,AUT,Austria,Year,2007,false,,,,,,,,,,,,,79,,,,,,79,,,EN,2024-07-11T23:00:00.000Z
WHS8_110,Measles-containing-vaccine first-dose (MCV1) immunization coverage among 1-year-olds (%),numeric,EUR,Europe,Country,IRL,Ireland,Year,2007,false,,,,,,,,,,,,,87,,,,,,87,,,EN,2024-07-11T23:00:00.000Z
WHS8_110,Measles-containing-vaccine first-dose (MCV1) immunization coverage among 1-year-olds (%),numeric,EUR,Europe,Country,ITA,Italy,Year,2007,false,,,,,,,,,,,,,90,,,,,,90,,,EN,2024-07-11T23:00:00.000Z
WHS8_110,Measles-containing-vaccine first-dose (MCV1) immunization coverage among 1-year-olds (%),numeric,EUR,Europe,Country,BGR,Bulgaria,Year,2007,false,,,,,,,,,,,,,96,,,,,,96,,,EN,2024-07-11T23:00:00.000Z
WHS8_110,Measles-containing-vaccine first-dose (MCV1) immunization coverage among 1-year-olds (%),numeric,EUR,Europe,Country,DEU,Germany,Year,2007,false,,,,,,,,,,,,,97,,,,,,97,,,EN,2024-07-11T23:00:00.000Z
WHS8_110,Measles-containing-vaccine first-dose (MCV1) immunization coverage among 1-year-olds (%),numeric,EUR,Europe,Country,ROU,Romania,Year,2007,false,,,,,,,,,,,,,97,,,,,,97,,,EN,2024-07-11T23:00:00.000Z
WHS8_110,Measles-containing-vaccine first-dose (MCV1) immunization coverage among 1-year-olds (%),numeric,EUR,Europe,Country,ESP,Spain,Year,2007,false,,,,,,,,,,,,,97,,,,,,97,,,EN,2024-07-11T23:00:00.000Z
WHS8_110,Measles-containing-vaccine first-dose (MCV1) immunization coverage among 1-year-olds (%),numeric,EUR,Europe,Country,CZE,Czechia,Year,2007,false,,,,,,,,,,,,,98,,,,,,98,,,EN,2024-07-11T23:00:00.000Z
WHS8_110,Measles-containing-vaccine first-dose (MCV1) immunization coverage among 1-year-olds (%),numeric,EUR,Europe,Country,FIN,Finland,Year,2007,false,,,,,,,,,,,,,98,,,,,,98,,,EN,2024-07-11T23:00:00.000Z
WHS8_110,Measles-containing-vaccine first-dose (MCV1) immunization coverage among 1-year-olds (%),numeric,EUR,Europe,Country,POL,Poland,Year,2007,false,,,,,,,,,,,,,98,,,,,,98,,,EN,2024-07-11T23:00:00.000Z
WHS8_110,Measles-containing-vaccine first-dose (MCV1) immunization coverage among 1-year-olds (%),numeric,EUR,Europe,Country,AUT,Austria,Year,2006,false,,,,,,,,,,,,,80,,,,,,80,,,EN,2024-07-11T23:00:00.000Z
WHS8_110,Measles-containing-vaccine first-dose (MCV1) immunization coverage among 1-year-olds (%),numeric,EUR,Europe,Country,IRL,Ireland,Year,2006,false,,,,,,,,,,,,,86,,,,,,86,,,EN,2024-07-11T23:00:00.000Z
WHS8_110,Measles-containing-vaccine first-dose (MCV1) immunization coverage among 1-year-olds (%),numeric,EUR,Europe,Country,ITA,Italy,Year,2006,false,,,,,,,,,,,,,88,,,,,,88,,,EN,2024-07-11T23:00:00.000Z
WHS8_110,Measles-containing-vaccine first-dose (MCV1) immunization coverage among 1-year-olds (%),numeric,EUR,Europe,Country,ROU,Romania,Year,2006,false,,,,,,,,,,,,,95,,,,,,95,,,EN,2024-07-11T23:00:00.000Z
WHS8_110,Measles-containing-vaccine first-dose (MCV1) immunization coverage among 1-year-olds (%),numeric,EUR,Europe,Country,BGR,Bulgaria,Year,2006,false,,,,,,,,,,,,,96,,,,,,96,,,EN,2024-07-11T23:00:00.000Z
WHS8_110,Measles-containing-vaccine first-dose (MCV1) immunization coverage among 1-year-olds (%),numeric,EUR,Europe,Country,DEU,Germany,Year,2006,false,,,,,,,,,,,,,96,,,,,,96,,,EN,2024-07-11T23:00:00.000Z
WHS8_110,Measles-containing-vaccine first-dose (MCV1) immunization coverage among 1-year-olds (%),numeric,EUR,Europe,Country,CZE,Czechia,Year,2006,false,,,,,,,,,,,,,97,,,,,,97,,,EN,2024-07-11T23:00:00.000Z
WHS8_110,Measles-containing-vaccine first-dose (MCV1) immunization coverage among 1-year-olds (%),numeric,EUR,Europe,Country,FIN,Finland,Year,2006,false,,,,,,,,,,,,,97,,,,,,97,,,EN,2024-07-11T23:00:00.000Z
WHS8_110,Measles-containing-vaccine first-dose (MCV1) immunization coverage among 1-year-olds (%),numeric,EUR,Europe,Country,ESP,Spain,Year,2006,false,,,,,,,,,,,,,97,,,,,,97,,,EN,2024-07-11T23:00:00.000Z
WHS8_110,Measles-containing-vaccine first-dose (MCV1) immunization coverage among 1-year-olds (%),numeric,EUR,Europe,Country,POL,Poland,Year,2006,false,,,,,,,,,,,,,99,,,,,,99,,,EN,2024-07-11T23:00:00.000Z
WHS8_110,Measles-containing-vaccine first-dose (MCV1) immunization coverage among 1-year-olds (%),numeric,EUR,Europe,Country,AUT,Austria,Year,2005,false,,,,,,,,,,,,,75,,,,,,75,,,EN,2024-07-11T23:00:00.000Z
WHS8_110,Measles-containing-vaccine first-dose (MCV1) immunization coverage among 1-year-olds (%),numeric,EUR,Europe,Country,IRL,Ireland,Year,2005,false,,,,,,,,,,,,,84,,,,,,84,,,EN,2024-07-11T23:00:00.000Z
WHS8_110,Measles-containing-vaccine first-dose (MCV1) immunization coverage among 1-year-olds (%),numeric,EUR,Europe,Country,ITA,Italy,Year,2005,false,,,,,,,,,,,,,87,,,,,,87,,,EN,2024-07-11T23:00:00.000Z
WHS8_110,Measles-containing-vaccine first-dose (MCV1) immunization coverage among 1-year-olds (%),numeric,EUR,Europe,Country,BGR,Bulgaria,Year,2005,false,,,,,,,,,,,,,96,,,,,,96,,,EN,2024-07-11T23:00:00.000Z
WHS8_110,Measles-containing-vaccine first-dose (MCV1) immunization coverage among 1-year-olds (%),numeric,EUR,Europe,Country,DEU,Germany,Year,2005,false,,,,,,,,,,,,,96,,,,,,96,,,EN,2024-07-11T23:00:00.000Z
WHS8_110,Measles-containing-vaccine first-dose (MCV1) immunization coverage among 1-year-olds (%),numeric,EUR,Europe,Country,CZE,Czechia,Year,2005,false,,,,,,,,,,,,,97,,,,,,97,,,EN,2024-07-11T23:00:00.000Z
WHS8_110,Measles-containing-vaccine first-dose (MCV1) immunization coverage among 1-year-olds (%),numeric,EUR,Europe,Country,FIN,Finland,Year,2005,false,,,,,,,,,,,,,97,,,,,,97,,,EN,2024-07-11T23:00:00.000Z
WHS8_110,Measles-containing-vaccine first-dose (MCV1) immunization coverage among 1-year-olds (%),numeric,EUR,Europe,Country,ROU,Romania,Year,2005,false,,,,,,,,,,,,,97,,,,,,97,,,EN,2024-07-11T23:00:00.000Z
WHS8_110,Measles-containing-vaccine first-dose (MCV1) immunization coverage among 1-year-olds (%),numeric,EUR,Europe,Country,ESP,Spain,Year,2005,false,,,,,,,,,,,,,97,,,,,,97,,,EN,2024-07-11T23:00:00.000Z
WHS8_110,Measles-containing-vaccine first-dose (MCV1) immunization coverage among 1-year-olds (%),numeric,EUR,Europe,Country,POL,Poland,Year,2005,false,,,,,,,,,,,,,98,,,,,,98,,,EN,2024-07-11T23:00:00.000Z
WHS8_110,Measles-containing-vaccine first-dose (MCV1) immunization coverage among 1-year-olds (%),numeric,EUR,Europe,Country,AUT,Austria,Year,2004,false,,,,,,,,,,,,,74,,,,,,74,,,EN,2024-07-11T23:00:00.000Z
WHS8_110,Measles-containing-vaccine first-dose (MCV1) immunization coverage among 1-year-olds (%),numeric,EUR,Europe,Country,IRL,Ireland,Year,2004,false,,,,,,,,,,,,,81,,,,,,81,,,EN,2024-07-11T23:00:00.000Z
WHS8_110,Measles-containing-vaccine first-dose (MCV1) immunization coverage among 1-year-olds (%),numeric,EUR,Europe,Country,ITA,Italy,Year,2004,false,,,,,,,,,,,,,86,,,,,,86,,,EN,2024-07-11T23:00:00.000Z
WHS8_110,Measles-containing-vaccine first-dose (MCV1) immunization coverage among 1-year-olds (%),numeric,EUR,Europe,Country,BGR,Bulgaria,Year,2004,false,,,,,,,,,,,,,95,,,,,,95,,,EN,2024-07-11T23:00:00.000Z
WHS8_110,Measles-containing-vaccine first-dose (MCV1) immunization coverage among 1-year-olds (%),numeric,EUR,Europe,Country,DEU,Germany,Year,2004,false,,,,,,,,,,,,,96,,,,,,96,,,EN,2024-07-11T23:00:00.000Z
WHS8_110,Measles-containing-vaccine first-dose (MCV1) immunization coverage among 1-year-olds (%),numeric,EUR,Europe,Country,CZE,Czechia,Year,2004,false,,,,,,,,,,,,,97,,,,,,97,,,EN,2024-07-11T23:00:00.000Z
WHS8_110,Measles-containing-vaccine first-dose (MCV1) immunization coverage among 1-year-olds (%),numeric,EUR,Europe,Country,FIN,Finland,Year,2004,false,,,,,,,,,,,,,97,,,,,,97,,,EN,2024-07-11T23:00:00.000Z
WHS8_110,Measles-containing-vaccine first-dose (MCV1) immunization coverage among 1-year-olds (%),numeric,EUR,Europe,Country,POL,Poland,Year,2004,false,,,,,,,,,,,,,97,,,,,,97,,,EN,2024-07-11T23:00:00.000Z
WHS8_110,Measles-containing-vaccine first-dose (MCV1) immunization coverage among 1-year-olds (%),numeric,EUR,Europe,Country,ROU,Romania,Year,2004,false,,,,,,,,,,,,,97,,,,,,97,,,EN,2024-07-11T23:00:00.000Z
WHS8_110,Measles-containing-vaccine first-dose (MCV1) immunization coverage among 1-year-olds (%),numeric,EUR,Europe,Country,ESP,Spain,Year,2004,false,,,,,,,,,,,,,97,,,,,,97,,,EN,2024-07-11T23:00:00.000Z
WHS8_110,Measles-containing-vaccine first-dose (MCV1) immunization coverage among 1-year-olds (%),numeric,EUR,Europe,Country,IRL,Ireland,Year,2003,false,,,,,,,,,,,,,78,,,,,,78,,,EN,2024-07-11T23:00:00.000Z
WHS8_110,Measles-containing-vaccine first-dose (MCV1) immunization coverage among 1-year-olds (%),numeric,EUR,Europe,Country,AUT,Austria,Year,2003,false,,,,,,,,,,,,,79,,,,,,79,,,EN,2024-07-11T23:00:00.000Z
WHS8_110,Measles-containing-vaccine first-dose (MCV1) immunization coverage among 1-year-olds (%),numeric,EUR,Europe,Country,ITA,Italy,Year,2003,false,,,,,,,,,,,,,84,,,,,,84,,,EN,2024-07-11T23:00:00.000Z
WHS8_110,Measles-containing-vaccine first-dose (MCV1) immunization coverage among 1-year-olds (%),numeric,EUR,Europe,Country,DEU,Germany,Year,2003,false,,,,,,,,,,,,,95,,,,,,95,,,EN,2024-07-11T23:00:00.000Z
WHS8_110,Measles-containing-vaccine first-dose (MCV1) immunization coverage among 1-year-olds (%),numeric,EUR,Europe,Country,BGR,Bulgaria,Year,2003,false,,,,,,,,,,,,,96,,,,,,96,,,EN,2024-07-11T23:00:00.000Z
WHS8_110,Measles-containing-vaccine first-dose (MCV1) immunization coverage among 1-year-olds (%),numeric,EUR,Europe,Country,CZE,Czechia,Year,2003,false,,,,,,,,,,,,,97,,,,,,97,,,EN,2024-07-11T23:00:00.000Z
WHS8_110,Measles-containing-vaccine first-dose (MCV1) immunization coverage among 1-year-olds (%),numeric,EUR,Europe,Country,FIN,Finland,Year,2003,false,,,,,,,,,,,,,97,,,,,,97,,,EN,2024-07-11T23:00:00.000Z
WHS8_110,Measles-containing-vaccine first-dose (MCV1) immunization coverage among 1-year-olds (%),numeric,EUR,Europe,Country,POL,Poland,Year,2003,false,,,,,,,,,,,,,97,,,,,,97,,,EN,2024-07-11T23:00:00.000Z
WHS8_110,Measles-containing-vaccine first-dose (MCV1) immunization coverage among 1-year-olds (%),numeric,EUR,Europe,Country,ROU,Romania,Year,2003,false,,,,,,,,,,,,,97,,,,,,97,,,EN,2024-07-11T23:00:00.000Z
WHS8_110,Measles-containing-vaccine first-dose (MCV1) immunization coverage among 1-year-olds (%),numeric,EUR,Europe,Country,ESP,Spain,Year,2003,false,,,,,,,,,,,,,98,,,,,,98,,,EN,2024-07-11T23:00:00.000Z
WHS8_110,Measles-containing-vaccine first-dose (MCV1) immunization coverage among 1-year-olds (%),numeric,EUR,Europe,Country,IRL,Ireland,Year,2002,false,,,,,,,,,,,,,73,,,,,,73,,,EN,2024-07-11T23:00:00.000Z
WHS8_110,Measles-containing-vaccine first-dose (MCV1) immunization coverage among 1-year-olds (%),numeric,EUR,Europe,Country,AUT,Austria,Year,2002,false,,,,,,,,,,,,,78,,,,,,78,,,EN,2024-07-11T23:00:00.000Z
WHS8_110,Measles-containing-vaccine first-dose (MCV1) immunization coverage among 1-year-olds (%),numeric,EUR,Europe,Country,ITA,Italy,Year,2002,false,,,,,,,,,,,,,81,,,,,,81,,,EN,2024-07-11T23:00:00.000Z
WHS8_110,Measles-containing-vaccine first-dose (MCV1) immunization coverage among 1-year-olds (%),numeric,EUR,Europe,Country,BGR,Bulgaria,Year,2002,false,,,,,,,,,,,,,92,,,,,,92,,,EN,2024-07-11T23:00:00.000Z
WHS8_110,Measles-containing-vaccine first-dose (MCV1) immunization coverage among 1-year-olds (%),numeric,EUR,Europe,Country,DEU,Germany,Year,2002,false,,,,,,,,,,,,,94,,,,,,94,,,EN,2024-07-11T23:00:00.000Z
WHS8_110,Measles-containing-vaccine first-dose (MCV1) immunization coverage among 1-year-olds (%),numeric,EUR,Europe,Country,FIN,Finland,Year,2002,false,,,,,,,,,,,,,96,,,,,,96,,,EN,2024-07-11T23:00:00.000Z
WHS8_110,Measles-containing-vaccine first-dose (MCV1) immunization coverage among 1-year-olds (%),numeric,EUR,Europe,Country,ESP,Spain,Year,2002,false,,,,,,,,,,,,,97,,,,,,97,,,EN,2024-07-11T23:00:00.000Z
WHS8_110,Measles-containing-vaccine first-dose (MCV1) immunization coverage among 1-year-olds (%),numeric,EUR,Europe,Country,CZE,Czechia,Year,2002,false,,,,,,,,,,,,,98,,,,,,98,,,EN,2024-07-11T23:00:00.000Z
WHS8_110,Measles-containing-vaccine first-dose (MCV1) immunization coverage among 1-year-olds (%),numeric,EUR,Europe,Country,POL,Poland,Year,2002,false,,,,,,,,,,,,,98,,,,,,98,,,EN,2024-07-11T23:00:00.000Z
WHS8_110,Measles-containing-vaccine first-dose (MCV1) immunization coverage among 1-year-olds (%),numeric,EUR,Europe,Country,ROU,Romania,Year,2002,false,,,,,,,,,,,,,98,,,,,,98,,,EN,2024-07-11T23:00:00.000Z
WHS8_110,Measles-containing-vaccine first-dose (MCV1) immunization coverage among 1-year-olds (%),numeric,EUR,Europe,Country,IRL,Ireland,Year,2001,false,,,,,,,,,,,,,73,,,,,,73,,,EN,2024-07-11T23:00:00.000Z
WHS8_110,Measles-containing-vaccine first-dose (MCV1) immunization coverage among 1-year-olds (%),numeric,EUR,Europe,Country,ITA,Italy,Year,2001,false,,,,,,,,,,,,,77,,,,,,77,,,EN,2024-07-11T23:00:00.000Z
WHS8_110,Measles-containing-vaccine first-dose (MCV1) immunization coverage among 1-year-olds (%),numeric,EUR,Europe,Country,AUT,Austria,Year,2001,false,,,,,,,,,,,,,79,,,,,,79,,,EN,2024-07-11T23:00:00.000Z
WHS8_110,Measles-containing-vaccine first-dose (MCV1) immunization coverage among 1-year-olds (%),numeric,EUR,Europe,Country,BGR,Bulgaria,Year,2001,false,,,,,,,,,,,,,90,,,,,,90,,,EN,2024-07-11T23:00:00.000Z
WHS8_110,Measles-containing-vaccine first-dose (MCV1) immunization coverage among 1-year-olds (%),numeric,EUR,Europe,Country,DEU,Germany,Year,2001,false,,,,,,,,,,,,,94,,,,,,94,,,EN,2024-07-11T23:00:00.000Z
WHS8_110,Measles-containing-vaccine first-dose (MCV1) immunization coverage among 1-year-olds (%),numeric,EUR,Europe,Country,FIN,Finland,Year,2001,false,,,,,,,,,,,,,96,,,,,,96,,,EN,2024-07-11T23:00:00.000Z
WHS8_110,Measles-containing-vaccine first-dose (MCV1) immunization coverage among 1-year-olds (%),numeric,EUR,Europe,Country,ESP,Spain,Year,2001,false,,,,,,,,,,,,,96,,,,,,96,,,EN,2024-07-11T23:00:00.000Z
WHS8_110,Measles-containing-vaccine first-dose (MCV1) immunization coverage among 1-year-olds (%),numeric,EUR,Europe,Country,CZE,Czechia,Year,2001,false,,,,,,,,,,,,,97,,,,,,97,,,EN,2024-07-11T23:00:00.000Z
WHS8_110,Measles-containing-vaccine first-dose (MCV1) immunization coverage among 1-year-olds (%),numeric,EUR,Europe,Country,POL,Poland,Year,2001,false,,,,,,,,,,,,,97,,,,,,97,,,EN,2024-07-11T23:00:00.000Z
WHS8_110,Measles-containing-vaccine first-dose (MCV1) immunization coverage among 1-year-olds (%),numeric,EUR,Europe,Country,ROU,Romania,Year,2001,false,,,,,,,,,,,,,98,,,,,,98,,,EN,2024-07-11T23:00:00.000Z
WHS8_110,Measles-containing-vaccine first-dose (MCV1) immunization coverage among 1-year-olds (%),numeric,EUR,Europe,Country,ITA,Italy,Year,2000,false,,,,,,,,,,,,,74,,,,,,74,,,EN,2024-07-11T23:00:00.000Z
WHS8_110,Measles-containing-vaccine first-dose (MCV1) immunization coverage among 1-year-olds (%),numeric,EUR,Europe,Country,AUT,Austria,Year,2000,false,,,,,,,,,,,,,75,,,,,,75,,,EN,2024-07-11T23:00:00.000Z
WHS8_110,Measles-containing-vaccine first-dose (MCV1) immunization coverage among 1-year-olds (%),numeric,EUR,Europe,Country,IRL,Ireland,Year,2000,false,,,,,,,,,,,,,79,,,,,,79,,,EN,2024-07-11T23:00:00.000Z
WHS8_110,Measles-containing-vaccine first-dose (MCV1) immunization coverage among 1-year-olds (%),numeric,EUR,Europe,Country,BGR,Bulgaria,Year,2000,false,,,,,,,,,,,,,89,,,,,,89,,,EN,2024-07-11T23:00:00.000Z
WHS8_110,Measles-containing-vaccine first-dose (MCV1) immunization coverage among 1-year-olds (%),numeric,EUR,Europe,Country,DEU,Germany,Year,2000,false,,,,,,,,,,,,,92,,,,,,92,,,EN,2024-07-11T23:00:00.000Z
WHS8_110,Measles-containing-vaccine first-dose (MCV1) immunization coverage among 1-year-olds (%),numeric,EUR,Europe,Country,ESP,Spain,Year,2000,false,,,,,,,,,,,,,94,,,,,,94,,,EN,2024-07-11T23:00:00.000Z
WHS8_110,Measles-containing-vaccine first-dose (MCV1) immunization coverage among 1-year-olds (%),numeric,EUR,Europe,Country,FIN,Finland,Year,2000,false,,,,,,,,,,,,,96,,,,,,96,,,EN,2024-07-11T23:00:00.000Z
WHS8_110,Measles-containing-vaccine first-dose (MCV1) immunization coverage among 1-year-olds (%),numeric,EUR,Europe,Country,CZE,Czechia,Year,2000,false,,,,,,,,,,,,,97,,,,,,97,,,EN,2024-07-11T23:00:00.000Z
WHS8_110,Measles-containing-vaccine first-dose (MCV1) immunization coverage among 1-year-olds (%),numeric,EUR,Europe,Country,POL,Poland,Year,2000,false,,,,,,,,,,,,,97,,,,,,97,,,EN,2024-07-11T23:00:00.000Z
WHS8_110,Measles-containing-vaccine first-dose (MCV1) immunization coverage among 1-year-olds (%),numeric,EUR,Europe,Country,ROU,Romania,Year,2000,false,,,,,,,,,,,,,98,,,,,,98,,,EN,2024-07-11T23:00:00.000Z
